<?xml version="1.0" encoding="utf-8" ?>
<dwsync>
<file name=".gitignore" server="lhn.tamesoft.sg/public_html/" local="131020992000000000" remote="131020992000000000" />
<file name=".travis.yml" server="lhn.tamesoft.sg/public_html/" local="131020992000000000" remote="131020992000000000" />
<file name="CONTRIBUTING.md" server="lhn.tamesoft.sg/public_html/" local="131020992000000000" remote="131020992000000000" />
<file name="Chart.js" server="lhn.tamesoft.sg/public_html/" local="131020992000000000" remote="131020992000000000" />
<file name="Chart.min.js" server="lhn.tamesoft.sg/public_html/" local="131020992000000000" remote="131020992000000000" />
<file name="LICENSE.md" server="lhn.tamesoft.sg/public_html/" local="131020992000000000" remote="131020992000000000" />
<file name="README.md" server="lhn.tamesoft.sg/public_html/" local="131020992000000000" remote="131020992000000000" />
<file name="bower.json" server="lhn.tamesoft.sg/public_html/" local="131020992000000000" remote="131020992000000000" />
<file name="composer.json" server="lhn.tamesoft.sg/public_html/" local="131020992000000000" remote="131020992000000000" />
<file name="gulpfile.js" server="lhn.tamesoft.sg/public_html/" local="131020992000000000" remote="131020992000000000" />
<file name="package.json" server="lhn.tamesoft.sg/public_html/" local="131020992000000000" remote="131020992000000000" />
</dwsync>