<?xml version="1.0" encoding="utf-8" ?>
<dwsync>
<file name="autoload.php" server="lhn.tamesoft.sg/public_html/" local="131131063200000000" remote="131131063200000000" />
<file name="class.database.php" server="lhn.tamesoft.sg/public_html/" local="131178067800000000" remote="131178067800000000" />
<file name="class.databasefunc.php" server="lhn.tamesoft.sg/public_html/" local="131020128000000000" remote="131020128000000000" />
<file name="class.datafunc.php" server="lhn.tamesoft.sg/public_html/" local="131146717800000000" remote="131146717800000000" />
<file name="class.datalogic.php" server="lhn.tamesoft.sg/public_html/" local="131183979600000000" remote="131183979600000000" />
<file name="class.db.php" server="lhn.tamesoft.sg/public_html/" local="131050368000000000" remote="131050368000000000" />
<file name="class.formchecks.php" server="lhn.tamesoft.sg/public_html/" local="131178694200000000" remote="131178694200000000" />
<file name="class.htmlcomponents.php" server="lhn.tamesoft.sg/public_html/" local="131131096800000000" remote="131131096800000000" />
<file name="class.htmlform.php" server="lhn.tamesoft.sg/public_html/" local="131203057800000000" remote="131203057800000000" />
<file name="class.login.php" server="lhn.tamesoft.sg/public_html/" local="131067388200000000" remote="131067388200000000" />
<file name="class.settings.php" server="lhn.tamesoft.sg/public_html/" local="131020128000000000" remote="131020128000000000" />
<file name="class.site.php" server="lhn.tamesoft.sg/public_html/" local="131133862200000000" remote="131133862200000000" />
<file name="class.sys_ajax.php" server="lhn.tamesoft.sg/public_html/" local="131076627000000000" remote="131076627000000000" />
<file name="class.widget.php" server="lhn.tamesoft.sg/public_html/" local="131171052600000000" remote="131171052600000000" />
<file name="fs_ini.php" server="lhn.tamesoft.sg/public_html/" local="131177342400000000" remote="131177342400000000" />
<file name="password_compat.php" server="lhn.tamesoft.sg/public_html/" local="131067356400000000" remote="131067356400000000" />
<file name="router.php" server="lhn.tamesoft.sg/public_html/" local="131131099800000000" remote="131131099800000000" />
<file name="sys_ajax_core_ini.php" server="lhn.tamesoft.sg/public_html/" local="131066548800000000" remote="131066548800000000" />
<file name="sys_ajax_ini.php" server="lhn.tamesoft.sg/public_html/" local="131069735400000000" remote="131069735400000000" />
<file name="sys_ini.php" server="lhn.tamesoft.sg/public_html/" local="131129470200000000" remote="131129470200000000" />
<file name="utils.php" server="lhn.tamesoft.sg/public_html/" local="131183124600000000" remote="131183124600000000" />
<file name="widget.placeholdercontent.php" server="lhn.tamesoft.sg/public_html/" local="131037408000000000" remote="131037408000000000" />
</dwsync>