<?xml version="1.0" encoding="utf-8" ?>
<dwsync>
<file name="00-Getting-Started.md" server="lhn.tamesoft.sg/public_html/" local="131020992000000000" remote="131020992000000000" />
<file name="01-Line-Chart.md" server="lhn.tamesoft.sg/public_html/" local="131020992000000000" remote="131020992000000000" />
<file name="02-Bar-Chart.md" server="lhn.tamesoft.sg/public_html/" local="131020992000000000" remote="131020992000000000" />
<file name="03-Radar-Chart.md" server="lhn.tamesoft.sg/public_html/" local="131020992000000000" remote="131020992000000000" />
<file name="04-Polar-Area-Chart.md" server="lhn.tamesoft.sg/public_html/" local="131020992000000000" remote="131020992000000000" />
<file name="05-Pie-Doughnut-Chart.md" server="lhn.tamesoft.sg/public_html/" local="131020992000000000" remote="131020992000000000" />
<file name="06-Advanced.md" server="lhn.tamesoft.sg/public_html/" local="131020992000000000" remote="131020992000000000" />
<file name="07-Notes.md" server="lhn.tamesoft.sg/public_html/" local="131020992000000000" remote="131020992000000000" />
</dwsync>