<?xml version="1.0" encoding="utf-8" ?>
<dwsync>
<file name="bar.html" server="lhn.tamesoft.sg/public_html/" local="131020992000000000" remote="131020992000000000" />
<file name="doughnut.color.html" server="lhn.tamesoft.sg/public_html/" local="131020992000000000" remote="131020992000000000" />
<file name="doughnut.html" server="lhn.tamesoft.sg/public_html/" local="131020992000000000" remote="131020992000000000" />
<file name="line-customTooltips.html" server="lhn.tamesoft.sg/public_html/" local="131020992000000000" remote="131020992000000000" />
<file name="line.html" server="lhn.tamesoft.sg/public_html/" local="131020992000000000" remote="131020992000000000" />
<file name="pie-customTooltips.html" server="lhn.tamesoft.sg/public_html/" local="131020992000000000" remote="131020992000000000" />
<file name="pie.html" server="lhn.tamesoft.sg/public_html/" local="131020992000000000" remote="131020992000000000" />
<file name="polar-area.html" server="lhn.tamesoft.sg/public_html/" local="131020992000000000" remote="131020992000000000" />
<file name="radar.html" server="lhn.tamesoft.sg/public_html/" local="131020992000000000" remote="131020992000000000" />
</dwsync>