<?xml version="1.0" encoding="utf-8" ?>
<dwsync>
<file name="animate.css" server="lhn.tamesoft.sg/public_html/" local="131029632000000000" remote="131029632000000000" />
<file name="bootstrap-theme.css" server="lhn.tamesoft.sg/public_html/" local="131026176000000000" remote="131026176000000000" />
<file name="bootstrap-theme.min.css" server="lhn.tamesoft.sg/public_html/" local="131026176000000000" remote="131026176000000000" />
<file name="bootstrap.css" server="lhn.tamesoft.sg/public_html/" local="131026176000000000" remote="131026176000000000" />
<file name="bootstrap.min.css" server="lhn.tamesoft.sg/public_html/" local="131026176000000000" remote="131026176000000000" />
<file name="core.css" server="lhn.tamesoft.sg/public_html/" local="131203066200000000" remote="131203066200000000" />
<file name="core_bak.css" server="lhn.tamesoft.sg/public_html/" local="131056922400000000" remote="131056922400000000" />
<file name="style-inspina.css" server="lhn.tamesoft.sg/public_html/" local="131031360000000000" remote="131031360000000000" />
<file name="sys-style-mod.css" server="lhn.tamesoft.sg/public_html/" local="131068165800000000" remote="131068165800000000" />
<file name="sys-style.css" server="lhn.tamesoft.sg/public_html/" local="131068197600000000" remote="131068197600000000" />
</dwsync>