<?xml version="1.0" encoding="utf-8" ?>
<dwsync>
<file name="SplitShire_lowpoly_II.jpg" server="lhn.tamesoft.sg/public_html/" local="131030496000000000" remote="131030496000000000" />
<file name="add.png" server="lhn.tamesoft.sg/public_html/" local="131020992000000000" remote="131020992000000000" />
<file name="ajax-loader.gif" server="lhn.tamesoft.sg/public_html/" local="131020992000000000" remote="131020992000000000" />
<file name="background.jpg" server="lhn.tamesoft.sg/public_html/" local="131030496000000000" remote="131030496000000000" />
<file name="delete.png" server="lhn.tamesoft.sg/public_html/" local="131020992000000000" remote="131020992000000000" />
<file name="low-poly-1239778_1920.jpg" server="lhn.tamesoft.sg/public_html/" local="131030496000000000" remote="131030496000000000" />
<file name="material-1184760_1920.png" server="lhn.tamesoft.sg/public_html/" local="131030496000000000" remote="131030496000000000" />
<file name="pexels-photo-30776.jpg" server="lhn.tamesoft.sg/public_html/" local="131032224000000000" remote="131032224000000000" />
<file name="pexels-photo-47116.jpeg" server="lhn.tamesoft.sg/public_html/" local="131032224000000000" remote="131032224000000000" />
<file name="pexels-photo.jpg" server="lhn.tamesoft.sg/public_html/" local="131032224000000000" remote="131032224000000000" />
<file name="sky-night-stars.jpg" server="lhn.tamesoft.sg/public_html/" local="131030496000000000" remote="131030496000000000" />
</dwsync>