<?xml version="1.0" encoding="utf-8" ?>
<dwsync>
<file name="fontawesome-webfont.eot" server="lhn.tamesoft.sg/public_html/" local="131020992000000000" remote="131020992000000000" />
<file name="fontawesome-webfont.svg" server="lhn.tamesoft.sg/public_html/" local="131020992000000000" remote="131020992000000000" />
<file name="fontawesome-webfont.ttf" server="lhn.tamesoft.sg/public_html/" local="131020992000000000" remote="131020992000000000" />
<file name="fontawesome-webfont.woff" server="lhn.tamesoft.sg/public_html/" local="131020992000000000" remote="131020992000000000" />
<file name="fontawesome-webfont.woff2" server="lhn.tamesoft.sg/public_html/" local="131020992000000000" remote="131020992000000000" />
<file name="glyphicons-halflings-regular.eot" server="lhn.tamesoft.sg/public_html/" local="131020992000000000" remote="131020992000000000" />
<file name="glyphicons-halflings-regular.svg" server="lhn.tamesoft.sg/public_html/" local="131020992000000000" remote="131020992000000000" />
<file name="glyphicons-halflings-regular.ttf" server="lhn.tamesoft.sg/public_html/" local="131020992000000000" remote="131020992000000000" />
<file name="glyphicons-halflings-regular.woff" server="lhn.tamesoft.sg/public_html/" local="131020992000000000" remote="131020992000000000" />
<file name="glyphicons-halflings-regular.woff2" server="lhn.tamesoft.sg/public_html/" local="131020992000000000" remote="131020992000000000" />
</dwsync>